{
  "0": 0.5,
  "1": 0.026914,
  "2": -0.041891,
  "3": -5.0,
  "4": 1.5,
  "5": -0.034016,
  "6": 0.5,
  "7": -0.02968,
  "8": 0.013799,
  "9": -5.0,
  "10": 1.5,
  "11": 0.032588,
  "12": -0.0,
  "13": 0.2,
  "14": 22.2,
  "15": 22.0,
  "16": 30.0,
  "17": -80.5,
  "18": 91.0,
  "19": -0.5,
  "20": -2.0,
  "21": -0.5,
  "22": 22.0,
  "23": -30.0,
  "24": 80.5,
  "25": 90.0,
  "26": 0.5,
  "27": -2.0,
  "28": 0.5
}
